--
-- PostgreSQL database dump
--

-- Dumped from database version 10.10 (Ubuntu 10.10-0ubuntu0.18.04.1)
-- Dumped by pg_dump version 12.0

-- Started on 2019-12-02 14:11:15

SET statement_timeout = 0;
SET lock_timeout = 0;
SET idle_in_transaction_session_timeout = 0;
SET client_encoding = 'SQL_ASCII';
SET standard_conforming_strings = on;
SELECT pg_catalog.set_config('search_path', '', false);
SET check_function_bodies = false;
SET xmloption = content;
SET client_min_messages = warning;
SET row_security = off;

--
-- TOC entry 39 (class 2615 OID 23470)
-- Name: lcdurante; Type: SCHEMA; Schema: -; Owner: datama2mi182
--

CREATE SCHEMA lcdurante;


ALTER SCHEMA lcdurante OWNER TO datama2mi182;

--
-- TOC entry 1553 (class 1247 OID 24296)
-- Name: athletic_enum; Type: TYPE; Schema: lcdurante; Owner: datama2mi182
--

CREATE TYPE lcdurante.athletic_enum AS ENUM (
    'at'
);


ALTER TYPE lcdurante.athletic_enum OWNER TO datama2mi182;

--
-- TOC entry 1697 (class 1247 OID 24488)
-- Name: atm_enum; Type: TYPE; Schema: lcdurante; Owner: datama2mi182
--

CREATE TYPE lcdurante.atm_enum AS ENUM (
    'a'
);


ALTER TYPE lcdurante.atm_enum OWNER TO datama2mi182;

--
-- TOC entry 1703 (class 1247 OID 24500)
-- Name: check_enum; Type: TYPE; Schema: lcdurante; Owner: datama2mi182
--

CREATE TYPE lcdurante.check_enum AS ENUM (
    'ch'
);


ALTER TYPE lcdurante.check_enum OWNER TO datama2mi182;

--
-- TOC entry 1687 (class 1247 OID 24438)
-- Name: class_enum; Type: TYPE; Schema: lcdurante; Owner: datama2mi182
--

CREATE TYPE lcdurante.class_enum AS ENUM (
    'cl'
);


ALTER TYPE lcdurante.class_enum OWNER TO datama2mi182;

--
-- TOC entry 1700 (class 1247 OID 24496)
-- Name: credit_enum; Type: TYPE; Schema: lcdurante; Owner: datama2mi182
--

CREATE TYPE lcdurante.credit_enum AS ENUM (
    'cr'
);


ALTER TYPE lcdurante.credit_enum OWNER TO datama2mi182;

--
-- TOC entry 1496 (class 1247 OID 23855)
-- Name: crustacean_enum; Type: TYPE; Schema: lcdurante; Owner: datama2mi182
--

CREATE TYPE lcdurante.crustacean_enum AS ENUM (
    'cr'
);


ALTER TYPE lcdurante.crustacean_enum OWNER TO datama2mi182;

--
-- TOC entry 1543 (class 1247 OID 24092)
-- Name: faculty_enum; Type: TYPE; Schema: lcdurante; Owner: datama2mi182
--

CREATE TYPE lcdurante.faculty_enum AS ENUM (
    'f'
);


ALTER TYPE lcdurante.faculty_enum OWNER TO datama2mi182;

--
-- TOC entry 1537 (class 1247 OID 24013)
-- Name: finance_enum; Type: TYPE; Schema: lcdurante; Owner: datama2mi182
--

CREATE TYPE lcdurante.finance_enum AS ENUM (
    'fi'
);


ALTER TYPE lcdurante.finance_enum OWNER TO datama2mi182;

--
-- TOC entry 1133 (class 1247 OID 23835)
-- Name: grain_enum; Type: TYPE; Schema: lcdurante; Owner: datama2mi182
--

CREATE TYPE lcdurante.grain_enum AS ENUM (
    'gr'
);


ALTER TYPE lcdurante.grain_enum OWNER TO datama2mi182;

--
-- TOC entry 1556 (class 1247 OID 24300)
-- Name: guidance_enum; Type: TYPE; Schema: lcdurante; Owner: datama2mi182
--

CREATE TYPE lcdurante.guidance_enum AS ENUM (
    'g'
);


ALTER TYPE lcdurante.guidance_enum OWNER TO datama2mi182;

--
-- TOC entry 1559 (class 1247 OID 24308)
-- Name: library_enum; Type: TYPE; Schema: lcdurante; Owner: datama2mi182
--

CREATE TYPE lcdurante.library_enum AS ENUM (
    'li'
);


ALTER TYPE lcdurante.library_enum OWNER TO datama2mi182;

--
-- TOC entry 1540 (class 1247 OID 24016)
-- Name: lounge_enum; Type: TYPE; Schema: lcdurante; Owner: datama2mi182
--

CREATE TYPE lcdurante.lounge_enum AS ENUM (
    'l'
);


ALTER TYPE lcdurante.lounge_enum OWNER TO datama2mi182;

--
-- TOC entry 1565 (class 1247 OID 24320)
-- Name: medical_enum; Type: TYPE; Schema: lcdurante; Owner: datama2mi182
--

CREATE TYPE lcdurante.medical_enum AS ENUM (
    'm'
);


ALTER TYPE lcdurante.medical_enum OWNER TO datama2mi182;

--
-- TOC entry 1690 (class 1247 OID 24442)
-- Name: meeting_enum; Type: TYPE; Schema: lcdurante; Owner: datama2mi182
--

CREATE TYPE lcdurante.meeting_enum AS ENUM (
    'me'
);


ALTER TYPE lcdurante.meeting_enum OWNER TO datama2mi182;

--
-- TOC entry 1499 (class 1247 OID 23858)
-- Name: milk_enum; Type: TYPE; Schema: lcdurante; Owner: datama2mi182
--

CREATE TYPE lcdurante.milk_enum AS ENUM (
    'mi'
);


ALTER TYPE lcdurante.milk_enum OWNER TO datama2mi182;

--
-- TOC entry 1684 (class 1247 OID 24430)
-- Name: music_enum; Type: TYPE; Schema: lcdurante; Owner: datama2mi182
--

CREATE TYPE lcdurante.music_enum AS ENUM (
    'mu'
);


ALTER TYPE lcdurante.music_enum OWNER TO datama2mi182;

--
-- TOC entry 1534 (class 1247 OID 23997)
-- Name: principal_enum; Type: TYPE; Schema: lcdurante; Owner: datama2mi182
--

CREATE TYPE lcdurante.principal_enum AS ENUM (
    'pr'
);


ALTER TYPE lcdurante.principal_enum OWNER TO datama2mi182;

--
-- TOC entry 1546 (class 1247 OID 24252)
-- Name: registrar_enum; Type: TYPE; Schema: lcdurante; Owner: datama2mi182
--

CREATE TYPE lcdurante.registrar_enum AS ENUM (
    'r'
);


ALTER TYPE lcdurante.registrar_enum OWNER TO datama2mi182;

--
-- TOC entry 1562 (class 1247 OID 24312)
-- Name: registration_enum; Type: TYPE; Schema: lcdurante; Owner: datama2mi182
--

CREATE TYPE lcdurante.registration_enum AS ENUM (
    're'
);


ALTER TYPE lcdurante.registration_enum OWNER TO datama2mi182;

--
-- TOC entry 1145 (class 1247 OID 23850)
-- Name: shellfish_enum; Type: TYPE; Schema: lcdurante; Owner: datama2mi182
--

CREATE TYPE lcdurante.shellfish_enum AS ENUM (
    'sh'
);


ALTER TYPE lcdurante.shellfish_enum OWNER TO datama2mi182;

--
-- TOC entry 1136 (class 1247 OID 23843)
-- Name: solid_foods_enum; Type: TYPE; Schema: lcdurante; Owner: datama2mi182
--

CREATE TYPE lcdurante.solid_foods_enum AS ENUM (
    'sf'
);


ALTER TYPE lcdurante.solid_foods_enum OWNER TO datama2mi182;

SET default_tablespace = '';

--
-- TOC entry 500 (class 1259 OID 23881)
-- Name: cafeteria; Type: TABLE; Schema: lcdurante; Owner: datama2mi182
--

CREATE TABLE lcdurante.cafeteria (
    id integer NOT NULL,
    caf_store character varying(45) DEFAULT NULL::character varying
);


ALTER TABLE lcdurante.cafeteria OWNER TO datama2mi182;

--
-- TOC entry 502 (class 1259 OID 23893)
-- Name: cafeteria_has_food; Type: TABLE; Schema: lcdurante; Owner: datama2mi182
--

CREATE TABLE lcdurante.cafeteria_has_food (
    id integer NOT NULL,
    cafeteria_id integer NOT NULL,
    food_id integer NOT NULL
);


ALTER TABLE lcdurante.cafeteria_has_food OWNER TO datama2mi182;

--
-- TOC entry 501 (class 1259 OID 23891)
-- Name: cafeteria_has_food_id_seq; Type: SEQUENCE; Schema: lcdurante; Owner: datama2mi182
--

CREATE SEQUENCE lcdurante.cafeteria_has_food_id_seq
    AS integer
    START WITH 1
    INCREMENT BY 1
    NO MINVALUE
    NO MAXVALUE
    CACHE 1;


ALTER TABLE lcdurante.cafeteria_has_food_id_seq OWNER TO datama2mi182;

--
-- TOC entry 4169 (class 0 OID 0)
-- Dependencies: 501
-- Name: cafeteria_has_food_id_seq; Type: SEQUENCE OWNED BY; Schema: lcdurante; Owner: datama2mi182
--

ALTER SEQUENCE lcdurante.cafeteria_has_food_id_seq OWNED BY lcdurante.cafeteria_has_food.id;


--
-- TOC entry 499 (class 1259 OID 23879)
-- Name: cafeteria_id_seq; Type: SEQUENCE; Schema: lcdurante; Owner: datama2mi182
--

CREATE SEQUENCE lcdurante.cafeteria_id_seq
    AS integer
    START WITH 1
    INCREMENT BY 1
    NO MINVALUE
    NO MAXVALUE
    CACHE 1;


ALTER TABLE lcdurante.cafeteria_id_seq OWNER TO datama2mi182;

--
-- TOC entry 4170 (class 0 OID 0)
-- Dependencies: 499
-- Name: cafeteria_id_seq; Type: SEQUENCE OWNED BY; Schema: lcdurante; Owner: datama2mi182
--

ALTER SEQUENCE lcdurante.cafeteria_id_seq OWNED BY lcdurante.cafeteria.id;


--
-- TOC entry 504 (class 1259 OID 23911)
-- Name: deans; Type: TABLE; Schema: lcdurante; Owner: datama2mi182
--

CREATE TABLE lcdurante.deans (
    id integer NOT NULL,
    d_lic character varying(255) DEFAULT NULL::character varying,
    d_office character varying(255) DEFAULT NULL::character varying
);


ALTER TABLE lcdurante.deans OWNER TO datama2mi182;

--
-- TOC entry 503 (class 1259 OID 23909)
-- Name: deans_id_seq; Type: SEQUENCE; Schema: lcdurante; Owner: datama2mi182
--

CREATE SEQUENCE lcdurante.deans_id_seq
    AS integer
    START WITH 1
    INCREMENT BY 1
    NO MINVALUE
    NO MAXVALUE
    CACHE 1;


ALTER TABLE lcdurante.deans_id_seq OWNER TO datama2mi182;

--
-- TOC entry 4171 (class 0 OID 0)
-- Dependencies: 503
-- Name: deans_id_seq; Type: SEQUENCE OWNED BY; Schema: lcdurante; Owner: datama2mi182
--

ALTER SEQUENCE lcdurante.deans_id_seq OWNED BY lcdurante.deans.id;


--
-- TOC entry 510 (class 1259 OID 23941)
-- Name: employees; Type: TABLE; Schema: lcdurante; Owner: datama2mi182
--

CREATE TABLE lcdurante.employees (
    id integer NOT NULL,
    emp_fname character varying(255) NOT NULL,
    emp_lname character varying(255) NOT NULL,
    emp_email character varying(255),
    emp_dob date NOT NULL
);


ALTER TABLE lcdurante.employees OWNER TO datama2mi182;

--
-- TOC entry 509 (class 1259 OID 23939)
-- Name: employees_id_seq; Type: SEQUENCE; Schema: lcdurante; Owner: datama2mi182
--

CREATE SEQUENCE lcdurante.employees_id_seq
    AS integer
    START WITH 1
    INCREMENT BY 1
    NO MINVALUE
    NO MAXVALUE
    CACHE 1;


ALTER TABLE lcdurante.employees_id_seq OWNER TO datama2mi182;

--
-- TOC entry 4172 (class 0 OID 0)
-- Dependencies: 509
-- Name: employees_id_seq; Type: SEQUENCE OWNED BY; Schema: lcdurante; Owner: datama2mi182
--

ALTER SEQUENCE lcdurante.employees_id_seq OWNED BY lcdurante.employees.id;


--
-- TOC entry 556 (class 1259 OID 24325)
-- Name: fees; Type: TABLE; Schema: lcdurante; Owner: datama2mi182
--

CREATE TABLE lcdurante.fees (
    id integer NOT NULL,
    fee_refnum character varying(255) DEFAULT NULL::character varying,
    fee_name character varying(255) DEFAULT NULL::character varying,
    office_id integer NOT NULL,
    medical lcdurante.medical_enum,
    registration lcdurante.registration_enum,
    library lcdurante.library_enum,
    guidance lcdurante.guidance_enum,
    athletic lcdurante.athletic_enum
);


ALTER TABLE lcdurante.fees OWNER TO datama2mi182;

--
-- TOC entry 555 (class 1259 OID 24323)
-- Name: fees_id_seq; Type: SEQUENCE; Schema: lcdurante; Owner: datama2mi182
--

CREATE SEQUENCE lcdurante.fees_id_seq
    AS integer
    START WITH 1
    INCREMENT BY 1
    NO MINVALUE
    NO MAXVALUE
    CACHE 1;


ALTER TABLE lcdurante.fees_id_seq OWNER TO datama2mi182;

--
-- TOC entry 4173 (class 0 OID 0)
-- Dependencies: 555
-- Name: fees_id_seq; Type: SEQUENCE OWNED BY; Schema: lcdurante; Owner: datama2mi182
--

ALTER SEQUENCE lcdurante.fees_id_seq OWNED BY lcdurante.fees.id;


--
-- TOC entry 498 (class 1259 OID 23863)
-- Name: food; Type: TABLE; Schema: lcdurante; Owner: datama2mi182
--

CREATE TABLE lcdurante.food (
    id integer NOT NULL,
    food_nut character varying(45) DEFAULT NULL::character varying,
    food_aller character varying(45) DEFAULT NULL::character varying,
    food_type character varying(45) DEFAULT NULL::character varying,
    grain lcdurante.grain_enum,
    solid_foods lcdurante.solid_foods_enum,
    shellfish lcdurante.shellfish_enum,
    crustacean lcdurante.crustacean_enum,
    milk lcdurante.milk_enum
);


ALTER TABLE lcdurante.food OWNER TO datama2mi182;

--
-- TOC entry 563 (class 1259 OID 24392)
-- Name: food_has_students; Type: TABLE; Schema: lcdurante; Owner: datama2mi182
--

CREATE TABLE lcdurante.food_has_students (
    id integer NOT NULL,
    food_id integer NOT NULL,
    students_id integer NOT NULL
);


ALTER TABLE lcdurante.food_has_students OWNER TO datama2mi182;

--
-- TOC entry 562 (class 1259 OID 24390)
-- Name: food_has_students_id_seq; Type: SEQUENCE; Schema: lcdurante; Owner: datama2mi182
--

CREATE SEQUENCE lcdurante.food_has_students_id_seq
    AS integer
    START WITH 1
    INCREMENT BY 1
    NO MINVALUE
    NO MAXVALUE
    CACHE 1;


ALTER TABLE lcdurante.food_has_students_id_seq OWNER TO datama2mi182;

--
-- TOC entry 4174 (class 0 OID 0)
-- Dependencies: 562
-- Name: food_has_students_id_seq; Type: SEQUENCE OWNED BY; Schema: lcdurante; Owner: datama2mi182
--

ALTER SEQUENCE lcdurante.food_has_students_id_seq OWNED BY lcdurante.food_has_students.id;


--
-- TOC entry 497 (class 1259 OID 23861)
-- Name: food_id_seq; Type: SEQUENCE; Schema: lcdurante; Owner: datama2mi182
--

CREATE SEQUENCE lcdurante.food_id_seq
    AS integer
    START WITH 1
    INCREMENT BY 1
    NO MINVALUE
    NO MAXVALUE
    CACHE 1;


ALTER TABLE lcdurante.food_id_seq OWNER TO datama2mi182;

--
-- TOC entry 4175 (class 0 OID 0)
-- Dependencies: 497
-- Name: food_id_seq; Type: SEQUENCE OWNED BY; Schema: lcdurante; Owner: datama2mi182
--

ALTER SEQUENCE lcdurante.food_id_seq OWNED BY lcdurante.food.id;


--
-- TOC entry 567 (class 1259 OID 24419)
-- Name: nurse; Type: TABLE; Schema: lcdurante; Owner: datama2mi182
--

CREATE TABLE lcdurante.nurse (
    id integer NOT NULL,
    nur_lic character varying(255) DEFAULT NULL::character varying,
    nur_sched timestamp without time zone
);


ALTER TABLE lcdurante.nurse OWNER TO datama2mi182;

--
-- TOC entry 566 (class 1259 OID 24417)
-- Name: nurse_id_seq; Type: SEQUENCE; Schema: lcdurante; Owner: datama2mi182
--

CREATE SEQUENCE lcdurante.nurse_id_seq
    AS integer
    START WITH 1
    INCREMENT BY 1
    NO MINVALUE
    NO MAXVALUE
    CACHE 1;


ALTER TABLE lcdurante.nurse_id_seq OWNER TO datama2mi182;

--
-- TOC entry 4176 (class 0 OID 0)
-- Dependencies: 566
-- Name: nurse_id_seq; Type: SEQUENCE OWNED BY; Schema: lcdurante; Owner: datama2mi182
--

ALTER SEQUENCE lcdurante.nurse_id_seq OWNED BY lcdurante.nurse.id;


--
-- TOC entry 552 (class 1259 OID 24265)
-- Name: office; Type: TABLE; Schema: lcdurante; Owner: datama2mi182
--

CREATE TABLE lcdurante.office (
    id integer NOT NULL,
    of_type character varying(255) DEFAULT NULL::character varying,
    of_loc character varying(255) DEFAULT NULL::character varying,
    of_desc character varying(255) DEFAULT NULL::character varying,
    of_name character varying(255) DEFAULT NULL::character varying,
    registrar lcdurante.registrar_enum,
    faculty lcdurante.faculty_enum,
    lounge lcdurante.lounge_enum,
    finance lcdurante.finance_enum,
    principal lcdurante.principal_enum
);


ALTER TABLE lcdurante.office OWNER TO datama2mi182;

--
-- TOC entry 551 (class 1259 OID 24263)
-- Name: office_id_seq; Type: SEQUENCE; Schema: lcdurante; Owner: datama2mi182
--

CREATE SEQUENCE lcdurante.office_id_seq
    AS integer
    START WITH 1
    INCREMENT BY 1
    NO MINVALUE
    NO MAXVALUE
    CACHE 1;


ALTER TABLE lcdurante.office_id_seq OWNER TO datama2mi182;

--
-- TOC entry 4177 (class 0 OID 0)
-- Dependencies: 551
-- Name: office_id_seq; Type: SEQUENCE OWNED BY; Schema: lcdurante; Owner: datama2mi182
--

ALTER SEQUENCE lcdurante.office_id_seq OWNED BY lcdurante.office.id;


--
-- TOC entry 571 (class 1259 OID 24466)
-- Name: room; Type: TABLE; Schema: lcdurante; Owner: datama2mi182
--

CREATE TABLE lcdurante.room (
    id integer NOT NULL,
    room_type character varying(255) DEFAULT NULL::character varying,
    room_name character varying(255) DEFAULT NULL::character varying,
    students_id integer NOT NULL,
    meeting lcdurante.meeting_enum,
    class lcdurante.class_enum,
    music lcdurante.music_enum
);


ALTER TABLE lcdurante.room OWNER TO datama2mi182;

--
-- TOC entry 570 (class 1259 OID 24464)
-- Name: room_id_seq; Type: SEQUENCE; Schema: lcdurante; Owner: datama2mi182
--

CREATE SEQUENCE lcdurante.room_id_seq
    AS integer
    START WITH 1
    INCREMENT BY 1
    NO MINVALUE
    NO MAXVALUE
    CACHE 1;


ALTER TABLE lcdurante.room_id_seq OWNER TO datama2mi182;

--
-- TOC entry 4178 (class 0 OID 0)
-- Dependencies: 570
-- Name: room_id_seq; Type: SEQUENCE OWNED BY; Schema: lcdurante; Owner: datama2mi182
--

ALTER SEQUENCE lcdurante.room_id_seq OWNED BY lcdurante.room.id;


--
-- TOC entry 575 (class 1259 OID 24519)
-- Name: salary; Type: TABLE; Schema: lcdurante; Owner: datama2mi182
--

CREATE TABLE lcdurante.salary (
    id integer NOT NULL,
    sal_amount integer,
    sal_type character varying(255) DEFAULT NULL::character varying,
    office_id integer NOT NULL,
    checkk lcdurante.check_enum,
    credit lcdurante.credit_enum,
    atm lcdurante.atm_enum
);


ALTER TABLE lcdurante.salary OWNER TO datama2mi182;

--
-- TOC entry 574 (class 1259 OID 24517)
-- Name: salary_id_seq; Type: SEQUENCE; Schema: lcdurante; Owner: datama2mi182
--

CREATE SEQUENCE lcdurante.salary_id_seq
    AS integer
    START WITH 1
    INCREMENT BY 1
    NO MINVALUE
    NO MAXVALUE
    CACHE 1;


ALTER TABLE lcdurante.salary_id_seq OWNER TO datama2mi182;

--
-- TOC entry 4179 (class 0 OID 0)
-- Dependencies: 574
-- Name: salary_id_seq; Type: SEQUENCE OWNED BY; Schema: lcdurante; Owner: datama2mi182
--

ALTER SEQUENCE lcdurante.salary_id_seq OWNED BY lcdurante.salary.id;


--
-- TOC entry 514 (class 1259 OID 23967)
-- Name: students; Type: TABLE; Schema: lcdurante; Owner: datama2mi182
--

CREATE TABLE lcdurante.students (
    id integer NOT NULL,
    stu_fname character varying(255) NOT NULL,
    stu_lname character varying(255) NOT NULL,
    stu_email character varying(255),
    stu_dob date NOT NULL,
    employee_id integer NOT NULL
);


ALTER TABLE lcdurante.students OWNER TO datama2mi182;

--
-- TOC entry 579 (class 1259 OID 24551)
-- Name: students_has_fee; Type: TABLE; Schema: lcdurante; Owner: datama2mi182
--

CREATE TABLE lcdurante.students_has_fee (
    id integer NOT NULL,
    students_id integer NOT NULL,
    fee_id integer NOT NULL
);


ALTER TABLE lcdurante.students_has_fee OWNER TO datama2mi182;

--
-- TOC entry 578 (class 1259 OID 24549)
-- Name: students_has_fee_id_seq; Type: SEQUENCE; Schema: lcdurante; Owner: datama2mi182
--

CREATE SEQUENCE lcdurante.students_has_fee_id_seq
    AS integer
    START WITH 1
    INCREMENT BY 1
    NO MINVALUE
    NO MAXVALUE
    CACHE 1;


ALTER TABLE lcdurante.students_has_fee_id_seq OWNER TO datama2mi182;

--
-- TOC entry 4180 (class 0 OID 0)
-- Dependencies: 578
-- Name: students_has_fee_id_seq; Type: SEQUENCE OWNED BY; Schema: lcdurante; Owner: datama2mi182
--

ALTER SEQUENCE lcdurante.students_has_fee_id_seq OWNED BY lcdurante.students_has_fee.id;


--
-- TOC entry 513 (class 1259 OID 23965)
-- Name: students_id_seq; Type: SEQUENCE; Schema: lcdurante; Owner: datama2mi182
--

CREATE SEQUENCE lcdurante.students_id_seq
    AS integer
    START WITH 1
    INCREMENT BY 1
    NO MINVALUE
    NO MAXVALUE
    CACHE 1;


ALTER TABLE lcdurante.students_id_seq OWNER TO datama2mi182;

--
-- TOC entry 4181 (class 0 OID 0)
-- Dependencies: 513
-- Name: students_id_seq; Type: SEQUENCE OWNED BY; Schema: lcdurante; Owner: datama2mi182
--

ALTER SEQUENCE lcdurante.students_id_seq OWNED BY lcdurante.students.id;


--
-- TOC entry 581 (class 1259 OID 24571)
-- Name: teachers; Type: TABLE; Schema: lcdurante; Owner: datama2mi182
--

CREATE TABLE lcdurante.teachers (
    id integer NOT NULL,
    t_lic character varying(255) DEFAULT NULL::character varying,
    t_subj character varying(255) DEFAULT NULL::character varying
);


ALTER TABLE lcdurante.teachers OWNER TO datama2mi182;

--
-- TOC entry 580 (class 1259 OID 24569)
-- Name: teachers_id_seq; Type: SEQUENCE; Schema: lcdurante; Owner: datama2mi182
--

CREATE SEQUENCE lcdurante.teachers_id_seq
    AS integer
    START WITH 1
    INCREMENT BY 1
    NO MINVALUE
    NO MAXVALUE
    CACHE 1;


ALTER TABLE lcdurante.teachers_id_seq OWNER TO datama2mi182;

--
-- TOC entry 4182 (class 0 OID 0)
-- Dependencies: 580
-- Name: teachers_id_seq; Type: SEQUENCE OWNED BY; Schema: lcdurante; Owner: datama2mi182
--

ALTER SEQUENCE lcdurante.teachers_id_seq OWNED BY lcdurante.teachers.id;


--
-- TOC entry 3912 (class 2604 OID 23884)
-- Name: cafeteria id; Type: DEFAULT; Schema: lcdurante; Owner: datama2mi182
--

ALTER TABLE ONLY lcdurante.cafeteria ALTER COLUMN id SET DEFAULT nextval('lcdurante.cafeteria_id_seq'::regclass);


--
-- TOC entry 3914 (class 2604 OID 23896)
-- Name: cafeteria_has_food id; Type: DEFAULT; Schema: lcdurante; Owner: datama2mi182
--

ALTER TABLE ONLY lcdurante.cafeteria_has_food ALTER COLUMN id SET DEFAULT nextval('lcdurante.cafeteria_has_food_id_seq'::regclass);


--
-- TOC entry 3915 (class 2604 OID 23914)
-- Name: deans id; Type: DEFAULT; Schema: lcdurante; Owner: datama2mi182
--

ALTER TABLE ONLY lcdurante.deans ALTER COLUMN id SET DEFAULT nextval('lcdurante.deans_id_seq'::regclass);


--
-- TOC entry 3918 (class 2604 OID 23944)
-- Name: employees id; Type: DEFAULT; Schema: lcdurante; Owner: datama2mi182
--

ALTER TABLE ONLY lcdurante.employees ALTER COLUMN id SET DEFAULT nextval('lcdurante.employees_id_seq'::regclass);


--
-- TOC entry 3925 (class 2604 OID 24328)
-- Name: fees id; Type: DEFAULT; Schema: lcdurante; Owner: datama2mi182
--

ALTER TABLE ONLY lcdurante.fees ALTER COLUMN id SET DEFAULT nextval('lcdurante.fees_id_seq'::regclass);


--
-- TOC entry 3908 (class 2604 OID 23866)
-- Name: food id; Type: DEFAULT; Schema: lcdurante; Owner: datama2mi182
--

ALTER TABLE ONLY lcdurante.food ALTER COLUMN id SET DEFAULT nextval('lcdurante.food_id_seq'::regclass);


--
-- TOC entry 3928 (class 2604 OID 24395)
-- Name: food_has_students id; Type: DEFAULT; Schema: lcdurante; Owner: datama2mi182
--

ALTER TABLE ONLY lcdurante.food_has_students ALTER COLUMN id SET DEFAULT nextval('lcdurante.food_has_students_id_seq'::regclass);


--
-- TOC entry 3929 (class 2604 OID 24422)
-- Name: nurse id; Type: DEFAULT; Schema: lcdurante; Owner: datama2mi182
--

ALTER TABLE ONLY lcdurante.nurse ALTER COLUMN id SET DEFAULT nextval('lcdurante.nurse_id_seq'::regclass);


--
-- TOC entry 3920 (class 2604 OID 24268)
-- Name: office id; Type: DEFAULT; Schema: lcdurante; Owner: datama2mi182
--

ALTER TABLE ONLY lcdurante.office ALTER COLUMN id SET DEFAULT nextval('lcdurante.office_id_seq'::regclass);


--
-- TOC entry 3931 (class 2604 OID 24469)
-- Name: room id; Type: DEFAULT; Schema: lcdurante; Owner: datama2mi182
--

ALTER TABLE ONLY lcdurante.room ALTER COLUMN id SET DEFAULT nextval('lcdurante.room_id_seq'::regclass);


--
-- TOC entry 3934 (class 2604 OID 24522)
-- Name: salary id; Type: DEFAULT; Schema: lcdurante; Owner: datama2mi182
--

ALTER TABLE ONLY lcdurante.salary ALTER COLUMN id SET DEFAULT nextval('lcdurante.salary_id_seq'::regclass);


--
-- TOC entry 3919 (class 2604 OID 23970)
-- Name: students id; Type: DEFAULT; Schema: lcdurante; Owner: datama2mi182
--

ALTER TABLE ONLY lcdurante.students ALTER COLUMN id SET DEFAULT nextval('lcdurante.students_id_seq'::regclass);


--
-- TOC entry 3936 (class 2604 OID 24554)
-- Name: students_has_fee id; Type: DEFAULT; Schema: lcdurante; Owner: datama2mi182
--

ALTER TABLE ONLY lcdurante.students_has_fee ALTER COLUMN id SET DEFAULT nextval('lcdurante.students_has_fee_id_seq'::regclass);


--
-- TOC entry 3937 (class 2604 OID 24574)
-- Name: teachers id; Type: DEFAULT; Schema: lcdurante; Owner: datama2mi182
--

ALTER TABLE ONLY lcdurante.teachers ALTER COLUMN id SET DEFAULT nextval('lcdurante.teachers_id_seq'::regclass);


--
-- TOC entry 4139 (class 0 OID 23881)
-- Dependencies: 500
-- Data for Name: cafeteria; Type: TABLE DATA; Schema: lcdurante; Owner: datama2mi182
--

COPY lcdurante.cafeteria (id, caf_store) FROM stdin;
1	Lotlux
2	Treeflex
3	Tresom
4	Ronstring
5	Sonsing
\.


--
-- TOC entry 4141 (class 0 OID 23893)
-- Dependencies: 502
-- Data for Name: cafeteria_has_food; Type: TABLE DATA; Schema: lcdurante; Owner: datama2mi182
--

COPY lcdurante.cafeteria_has_food (id, cafeteria_id, food_id) FROM stdin;
\.


--
-- TOC entry 4143 (class 0 OID 23911)
-- Dependencies: 504
-- Data for Name: deans; Type: TABLE DATA; Schema: lcdurante; Owner: datama2mi182
--

COPY lcdurante.deans (id, d_lic, d_office) FROM stdin;
\.


--
-- TOC entry 4145 (class 0 OID 23941)
-- Dependencies: 510
-- Data for Name: employees; Type: TABLE DATA; Schema: lcdurante; Owner: datama2mi182
--

COPY lcdurante.employees (id, emp_fname, emp_lname, emp_email, emp_dob) FROM stdin;
1	Basilio	Hallt	bhallt0@usgs.gov	1975-12-05
2	Hildy	Gilmartin	hgilmartin1@constantcontact.com	1996-08-07
3	Laina	Midford	lmidford2@merriam-webster.com	1966-04-07
4	Kristal	Gollin	kgollin3@businesswire.com	1963-07-04
5	Alleen	Zannutti	azannutti4@unicef.org	1968-06-25
6	Karel	Grafhom	kgrafhom5@huffingtonpost.com	1968-06-07
7	Lona	Woodwind	lwoodwind6@cyberchimps.com	1963-06-21
8	Corri	Guite	cguite7@wisc.edu	1989-03-17
9	Jillayne	Mayfield	jmayfield8@uol.com.br	1961-03-10
10	Marty	Di Francecshi	mdifrancecshi9@angelfire.com	1987-03-01
11	Georgi	McCarroll	gmccarrolla@taobao.com	1971-05-02
12	Tommie	Kovacs	tkovacsb@fema.gov	1983-03-22
13	Bartholomeo	Crowder	bcrowderc@mtv.com	1973-04-06
14	Dael	Sayburn	dsayburnd@domainmarket.com	1976-03-15
15	Darcy	Hessing	dhessinge@mit.edu	1985-10-31
16	Wernher	Umpleby	wumplebyf@intel.com	1970-10-14
17	Maris	O'Longain	molongaing@creativecommons.org	1979-10-17
18	Cordy	Heikkinen	cheikkinenh@pagesperso-orange.fr	1997-08-20
19	Derk	Blessed	dblessedi@noaa.gov	1998-07-04
20	Amerigo	Maddy	amaddyj@facebook.com	1963-12-24
21	Raffaello	Dumphries	rdumphriesk@mediafire.com	1977-08-09
22	Kelley	Blenkhorn	kblenkhornl@ycombinator.com	1961-04-08
23	Lawton	Gayler	lgaylerm@baidu.com	1965-03-13
24	Reinaldo	Parriss	rparrissn@redcross.org	1996-09-04
25	Rocky	Thurber	rthurbero@google.com.hk	1965-04-04
26	Vassily	Jubert	vjubertp@nhs.uk	1995-02-24
27	Consalve	Tuxwell	ctuxwellq@over-blog.com	1964-02-08
28	Jeffrey	Mussilli	jmussillir@domainmarket.com	1982-06-08
29	Abbe	Pods	apodss@youtu.be	1965-11-08
30	Roseline	Heijnen	rheijnent@artisteer.com	1976-08-30
31	Brena	Mitford	bmitfordu@apache.org	1979-11-22
32	Sacha	McFaell	smcfaellv@telegraph.co.uk	1982-08-08
33	Stearn	Shambrooke	sshambrookew@salon.com	1997-09-20
34	Marya	Justice	mjusticex@cocolog-nifty.com	1973-12-11
35	Mikol	Farrears	mfarrearsy@purevolume.com	1990-12-26
36	Rourke	McGonnell	rmcgonnellz@constantcontact.com	1984-06-13
37	Carmelle	Parmenter	cparmenter10@telegraph.co.uk	1962-09-04
38	Trix	Ivashnyov	tivashnyov11@globo.com	1972-08-31
39	Zara	Janaud	zjanaud12@infoseek.co.jp	1974-03-11
40	Franni	Lechmere	flechmere13@google.cn	1992-10-18
41	Ivan	Nockles	inockles14@statcounter.com	1990-03-22
42	Elianore	Duligall	eduligall15@github.io	1989-03-11
43	Oliviero	Blundin	oblundin16@ted.com	1976-12-29
44	Rois	Girodias	rgirodias17@ow.ly	1987-07-19
45	Bibbie	McBeth	bmcbeth18@tmall.com	1962-09-23
46	Toby	Harnell	tharnell19@cam.ac.uk	1990-03-12
47	Jase	Hindshaw	jhindshaw1a@europa.eu	1965-11-01
48	Alisha	Thew	athew1b@edublogs.org	1967-01-02
49	Noami	Lothlorien	nlothlorien1c@wired.com	1990-09-23
50	Farra	Cantillon	fcantillon1d@jalbum.net	1973-03-12
\.


--
-- TOC entry 4151 (class 0 OID 24325)
-- Dependencies: 556
-- Data for Name: fees; Type: TABLE DATA; Schema: lcdurante; Owner: datama2mi182
--

COPY lcdurante.fees (id, fee_refnum, fee_name, office_id, medical, registration, library, guidance, athletic) FROM stdin;
\.


--
-- TOC entry 4137 (class 0 OID 23863)
-- Dependencies: 498
-- Data for Name: food; Type: TABLE DATA; Schema: lcdurante; Owner: datama2mi182
--

COPY lcdurante.food (id, food_nut, food_aller, food_type, grain, solid_foods, shellfish, crustacean, milk) FROM stdin;
1	Capetown Pea	Durian Fruit	Nasua nasua	\N	\N	\N	\N	\N
2	Spring Phacelia	Beef - Chuck, Boneless	Mephitis mephitis	\N	\N	\N	\N	\N
3	Kenya Clover	Oats Large Flake	Phalaropus lobatus	\N	\N	\N	\N	\N
4	Sensitive Partridge Pea	Tea - Darjeeling, Azzura	Anathana ellioti	\N	\N	\N	\N	\N
5	Shield Lichen	Quail - Whole, Boneless	Panthera leo persica	\N	\N	\N	\N	\N
6	Heartleaf Fanpetals	Muffin Batt - Ban Dream Zero	Bucephala clangula	\N	\N	\N	\N	\N
7	Flymallow	V8 Splash Strawberry Banana	Nasua nasua	\N	\N	\N	\N	\N
8	Forest False Ohelo	Beer - Blue	Gymnorhina tibicen	\N	\N	\N	\N	\N
9	Bulletwood	Cumin - Ground	Aquila chrysaetos	\N	\N	\N	\N	\N
10	Schreber's Pondweed	Pepper - Black, Crushed	Gekko gecko	\N	\N	\N	\N	\N
11	Tube Lichen	Cranberry Foccacia	Alligator mississippiensis	\N	\N	\N	\N	\N
12	Tulip Poppy	Radish - Pickled	Spizaetus coronatus	\N	\N	\N	\N	\N
13	Washoe Pine	The Pop Shoppe - Root Beer	Petaurus breviceps	\N	\N	\N	\N	\N
14	Dot Lichen	Lamb - Whole, Fresh	Ciconia ciconia	\N	\N	\N	\N	\N
15	Pygmy Alpinegold	Muffin Hinge - 211n	Diomedea irrorata	\N	\N	\N	\N	\N
16	Brownfruit Rush	Danishes - Mini Raspberry	Hystrix indica	\N	\N	\N	\N	\N
17	Wright's False Threadleaf	Soho Lychee Liqueur	Tamiasciurus hudsonicus	\N	\N	\N	\N	\N
18	Coastal Sandmat	Capon - Breast, Wing On	Mirounga angustirostris	\N	\N	\N	\N	\N
19	Gorman's Dwarf-primrose	Rabbit - Whole	Trichoglossus haematodus moluccanus	\N	\N	\N	\N	\N
20	Goosegrass	Trout Rainbow Whole	Gabianus pacificus	\N	\N	\N	\N	\N
\.


--
-- TOC entry 4153 (class 0 OID 24392)
-- Dependencies: 563
-- Data for Name: food_has_students; Type: TABLE DATA; Schema: lcdurante; Owner: datama2mi182
--

COPY lcdurante.food_has_students (id, food_id, students_id) FROM stdin;
\.


--
-- TOC entry 4155 (class 0 OID 24419)
-- Dependencies: 567
-- Data for Name: nurse; Type: TABLE DATA; Schema: lcdurante; Owner: datama2mi182
--

COPY lcdurante.nurse (id, nur_lic, nur_sched) FROM stdin;
\.


--
-- TOC entry 4149 (class 0 OID 24265)
-- Dependencies: 552
-- Data for Name: office; Type: TABLE DATA; Schema: lcdurante; Owner: datama2mi182
--

COPY lcdurante.office (id, of_type, of_loc, of_desc, of_name, registrar, faculty, lounge, finance, principal) FROM stdin;
1	Accounting	5	Finance	non	\N	\N	\N	\N	\N
2	Research and Development	410	Consumer Services	ut	\N	\N	\N	\N	\N
3	Legal	1331	Technology	in congue	\N	\N	\N	\N	\N
4	Product Management	31	Basic Industries	potenti nullam	\N	\N	\N	\N	\N
5	Support	12	n/a	mauris ullamcorper	\N	\N	\N	\N	\N
6	Sales	07619	Finance	luctus ultricies	\N	\N	\N	\N	\N
7	Support	65	Finance	in blandit	\N	\N	\N	\N	\N
8	Support	52488	Consumer Services	nisi	\N	\N	\N	\N	\N
9	Support	258	Consumer Services	dictumst	\N	\N	\N	\N	\N
10	Marketing	7	Consumer Services	nunc proin	\N	\N	\N	\N	\N
\.


--
-- TOC entry 4157 (class 0 OID 24466)
-- Dependencies: 571
-- Data for Name: room; Type: TABLE DATA; Schema: lcdurante; Owner: datama2mi182
--

COPY lcdurante.room (id, room_type, room_name, students_id, meeting, class, music) FROM stdin;
\.


--
-- TOC entry 4159 (class 0 OID 24519)
-- Dependencies: 575
-- Data for Name: salary; Type: TABLE DATA; Schema: lcdurante; Owner: datama2mi182
--

COPY lcdurante.salary (id, sal_amount, sal_type, office_id, checkk, credit, atm) FROM stdin;
1	39583	jcb	2	\N	\N	\N
2	24038	diners-club-carte-blanche	5	\N	\N	\N
3	39357	diners-club-enroute	2	\N	\N	\N
4	30008	switch	6	\N	\N	\N
5	36888	switch	8	\N	\N	\N
6	37467	mastercard	1	\N	\N	\N
7	22042	jcb	2	\N	\N	\N
8	40168	maestro	7	\N	\N	\N
9	27071	jcb	9	\N	\N	\N
10	21779	visa-electron	3	\N	\N	\N
\.


--
-- TOC entry 4147 (class 0 OID 23967)
-- Dependencies: 514
-- Data for Name: students; Type: TABLE DATA; Schema: lcdurante; Owner: datama2mi182
--

COPY lcdurante.students (id, stu_fname, stu_lname, stu_email, stu_dob, employee_id) FROM stdin;
1	Jamal	Lippiett	jlippiett0@free.fr	2000-04-15	1
2	Marillin	Midlane	mmidlane1@smh.com.au	2000-05-29	2
3	Obidiah	Broyd	obroyd2@mapy.cz	2000-04-17	3
4	Elga	Swaite	eswaite3@moonfruit.com	1999-11-11	4
5	Jordan	Lamers	jlamers4@jimdo.com	2000-02-09	5
6	Hedda	Bosquet	hbosquet5@theguardian.com	2000-08-05	6
7	Nicolis	Shimmings	nshimmings6@mayoclinic.com	2000-08-03	1
8	Teriann	Fallowes	tfallowes7@wsj.com	2000-08-09	1
9	Vinita	Bartolomeoni	vbartolomeoni8@redcross.org	2000-10-01	1
10	Violet	Tustin	vtustin9@dell.com	2000-02-24	2
11	Alastair	Slograve	aslogravea@miitbeian.gov.cn	1999-11-05	50
12	Lilias	Deners	ldenersb@dion.ne.jp	2000-03-06	39
13	Nappie	Gallyhaock	ngallyhaockc@mayoclinic.com	1999-11-29	46
14	Locke	Staresmeare	lstaresmeared@imdb.com	2000-09-08	35
15	Quintus	Kiddle	qkiddlee@netscape.com	2000-06-03	28
16	Axe	Benham	abenhamf@sun.com	2000-10-03	29
17	Keely	Crawforth	kcrawforthg@hhs.gov	2000-07-26	13
18	Kurtis	Dukelow	kdukelowh@indiatimes.com	2000-08-19	13
19	Ado	Stolli	astollii@barnesandnoble.com	2000-06-01	13
20	Urbanus	Jonk	ujonkj@technorati.com	2000-01-31	13
21	Deny	Owttrim	dowttrimk@discovery.com	1999-11-08	12
22	Gunther	Saul	gsaull@free.fr	2000-01-23	26
23	Dal	Woollends	dwoollendsm@businessweek.com	2000-03-17	36
24	Cherlyn	O' Mulderrig	comulderrign@nature.com	1999-12-05	47
25	Edwina	Livoir	elivoiro@reference.com	2000-09-12	21
26	Martelle	Tomeo	mtomeop@e-recht24.de	2000-05-31	4
27	Misty	Dark	mdarkq@state.tx.us	2000-04-21	4
28	Lauren	Boath	lboathr@kickstarter.com	2000-02-16	5
29	Edithe	Dorian	edorians@deliciousdays.com	2000-08-11	10
30	Jermayne	Letty	jlettyt@tumblr.com	2000-05-11	18
31	Shaina	Ruffy	sruffyu@vk.com	1999-12-06	19
32	Taryn	Sisselot	tsisselotv@vkontakte.ru	2000-01-21	23
33	Dela	Shreeves	dshreevesw@tripadvisor.com	2000-07-16	26
34	Fiona	Halfhide	fhalfhidex@netscape.com	2000-05-20	37
35	Camile	Popley	cpopleyy@nydailynews.com	2000-07-12	49
36	Sephira	McCrossan	smccrossanz@redcross.org	2000-08-29	48
37	Almeta	Cuschieri	acuschieri10@census.gov	2000-10-14	21
38	Kristy	Rhelton	krhelton11@nydailynews.com	2000-03-14	42
39	Maressa	Vesco	mvesco12@yolasite.com	2000-04-22	2
40	Pier	McFee	pmcfee13@phpbb.com	2000-04-20	3
41	Zeb	Perelli	zperelli14@hc360.com	2000-04-20	3
42	Avery	Grishagin	agrishagin15@google.ca	2000-05-02	4
43	Ekaterina	Upston	eupston16@furl.net	1999-11-24	4
44	Adlai	Rawet	arawet17@moonfruit.com	2000-01-10	5
45	Tiffie	Kynge	tkynge18@ted.com	2000-07-13	5
46	Lotta	Jenken	ljenken19@oakley.com	2000-03-19	6
47	Eberhard	Lydford	elydford1a@google.co.jp	2000-08-14	7
48	Catharina	Penley	cpenley1b@psu.edu	2000-04-19	29
49	Kimbra	Bremmer	kbremmer1c@reverbnation.com	2000-08-28	19
50	Caz	Chell	cchell1d@bizjournals.com	2000-01-28	23
\.


--
-- TOC entry 4161 (class 0 OID 24551)
-- Dependencies: 579
-- Data for Name: students_has_fee; Type: TABLE DATA; Schema: lcdurante; Owner: datama2mi182
--

COPY lcdurante.students_has_fee (id, students_id, fee_id) FROM stdin;
\.


--
-- TOC entry 4163 (class 0 OID 24571)
-- Dependencies: 581
-- Data for Name: teachers; Type: TABLE DATA; Schema: lcdurante; Owner: datama2mi182
--

COPY lcdurante.teachers (id, t_lic, t_subj) FROM stdin;
\.


--
-- TOC entry 4183 (class 0 OID 0)
-- Dependencies: 501
-- Name: cafeteria_has_food_id_seq; Type: SEQUENCE SET; Schema: lcdurante; Owner: datama2mi182
--

SELECT pg_catalog.setval('lcdurante.cafeteria_has_food_id_seq', 1, false);


--
-- TOC entry 4184 (class 0 OID 0)
-- Dependencies: 499
-- Name: cafeteria_id_seq; Type: SEQUENCE SET; Schema: lcdurante; Owner: datama2mi182
--

SELECT pg_catalog.setval('lcdurante.cafeteria_id_seq', 5, true);


--
-- TOC entry 4185 (class 0 OID 0)
-- Dependencies: 503
-- Name: deans_id_seq; Type: SEQUENCE SET; Schema: lcdurante; Owner: datama2mi182
--

SELECT pg_catalog.setval('lcdurante.deans_id_seq', 1, false);


--
-- TOC entry 4186 (class 0 OID 0)
-- Dependencies: 509
-- Name: employees_id_seq; Type: SEQUENCE SET; Schema: lcdurante; Owner: datama2mi182
--

SELECT pg_catalog.setval('lcdurante.employees_id_seq', 50, true);


--
-- TOC entry 4187 (class 0 OID 0)
-- Dependencies: 555
-- Name: fees_id_seq; Type: SEQUENCE SET; Schema: lcdurante; Owner: datama2mi182
--

SELECT pg_catalog.setval('lcdurante.fees_id_seq', 1, false);


--
-- TOC entry 4188 (class 0 OID 0)
-- Dependencies: 562
-- Name: food_has_students_id_seq; Type: SEQUENCE SET; Schema: lcdurante; Owner: datama2mi182
--

SELECT pg_catalog.setval('lcdurante.food_has_students_id_seq', 1, false);


--
-- TOC entry 4189 (class 0 OID 0)
-- Dependencies: 497
-- Name: food_id_seq; Type: SEQUENCE SET; Schema: lcdurante; Owner: datama2mi182
--

SELECT pg_catalog.setval('lcdurante.food_id_seq', 20, true);


--
-- TOC entry 4190 (class 0 OID 0)
-- Dependencies: 566
-- Name: nurse_id_seq; Type: SEQUENCE SET; Schema: lcdurante; Owner: datama2mi182
--

SELECT pg_catalog.setval('lcdurante.nurse_id_seq', 1, false);


--
-- TOC entry 4191 (class 0 OID 0)
-- Dependencies: 551
-- Name: office_id_seq; Type: SEQUENCE SET; Schema: lcdurante; Owner: datama2mi182
--

SELECT pg_catalog.setval('lcdurante.office_id_seq', 10, true);


--
-- TOC entry 4192 (class 0 OID 0)
-- Dependencies: 570
-- Name: room_id_seq; Type: SEQUENCE SET; Schema: lcdurante; Owner: datama2mi182
--

SELECT pg_catalog.setval('lcdurante.room_id_seq', 1, false);


--
-- TOC entry 4193 (class 0 OID 0)
-- Dependencies: 574
-- Name: salary_id_seq; Type: SEQUENCE SET; Schema: lcdurante; Owner: datama2mi182
--

SELECT pg_catalog.setval('lcdurante.salary_id_seq', 10, true);


--
-- TOC entry 4194 (class 0 OID 0)
-- Dependencies: 578
-- Name: students_has_fee_id_seq; Type: SEQUENCE SET; Schema: lcdurante; Owner: datama2mi182
--

SELECT pg_catalog.setval('lcdurante.students_has_fee_id_seq', 1, false);


--
-- TOC entry 4195 (class 0 OID 0)
-- Dependencies: 513
-- Name: students_id_seq; Type: SEQUENCE SET; Schema: lcdurante; Owner: datama2mi182
--

SELECT pg_catalog.setval('lcdurante.students_id_seq', 50, true);


--
-- TOC entry 4196 (class 0 OID 0)
-- Dependencies: 580
-- Name: teachers_id_seq; Type: SEQUENCE SET; Schema: lcdurante; Owner: datama2mi182
--

SELECT pg_catalog.setval('lcdurante.teachers_id_seq', 1, false);


--
-- TOC entry 3945 (class 2606 OID 23898)
-- Name: cafeteria_has_food cafeteria_has_food_pkey; Type: CONSTRAINT; Schema: lcdurante; Owner: datama2mi182
--

ALTER TABLE ONLY lcdurante.cafeteria_has_food
    ADD CONSTRAINT cafeteria_has_food_pkey PRIMARY KEY (id);


--
-- TOC entry 3943 (class 2606 OID 23887)
-- Name: cafeteria cafeteria_pkey; Type: CONSTRAINT; Schema: lcdurante; Owner: datama2mi182
--

ALTER TABLE ONLY lcdurante.cafeteria
    ADD CONSTRAINT cafeteria_pkey PRIMARY KEY (id);


--
-- TOC entry 3947 (class 2606 OID 23918)
-- Name: deans deans_pkey; Type: CONSTRAINT; Schema: lcdurante; Owner: datama2mi182
--

ALTER TABLE ONLY lcdurante.deans
    ADD CONSTRAINT deans_pkey PRIMARY KEY (id);


--
-- TOC entry 3949 (class 2606 OID 23946)
-- Name: employees employee_pkey; Type: CONSTRAINT; Schema: lcdurante; Owner: datama2mi182
--

ALTER TABLE ONLY lcdurante.employees
    ADD CONSTRAINT employee_pkey PRIMARY KEY (id);


--
-- TOC entry 3955 (class 2606 OID 24332)
-- Name: fees fees_pkey; Type: CONSTRAINT; Schema: lcdurante; Owner: datama2mi182
--

ALTER TABLE ONLY lcdurante.fees
    ADD CONSTRAINT fees_pkey PRIMARY KEY (id);


--
-- TOC entry 3957 (class 2606 OID 24397)
-- Name: food_has_students fodd_has_students_pkey; Type: CONSTRAINT; Schema: lcdurante; Owner: datama2mi182
--

ALTER TABLE ONLY lcdurante.food_has_students
    ADD CONSTRAINT fodd_has_students_pkey PRIMARY KEY (id);


--
-- TOC entry 3941 (class 2606 OID 23871)
-- Name: food food_pkey; Type: CONSTRAINT; Schema: lcdurante; Owner: datama2mi182
--

ALTER TABLE ONLY lcdurante.food
    ADD CONSTRAINT food_pkey PRIMARY KEY (id);


--
-- TOC entry 3959 (class 2606 OID 24425)
-- Name: nurse nurse_pkey; Type: CONSTRAINT; Schema: lcdurante; Owner: datama2mi182
--

ALTER TABLE ONLY lcdurante.nurse
    ADD CONSTRAINT nurse_pkey PRIMARY KEY (id);


--
-- TOC entry 3953 (class 2606 OID 24274)
-- Name: office office_pkey; Type: CONSTRAINT; Schema: lcdurante; Owner: datama2mi182
--

ALTER TABLE ONLY lcdurante.office
    ADD CONSTRAINT office_pkey PRIMARY KEY (id);


--
-- TOC entry 3961 (class 2606 OID 24473)
-- Name: room room_pkey; Type: CONSTRAINT; Schema: lcdurante; Owner: datama2mi182
--

ALTER TABLE ONLY lcdurante.room
    ADD CONSTRAINT room_pkey PRIMARY KEY (id);


--
-- TOC entry 3963 (class 2606 OID 24525)
-- Name: salary salary_pkey; Type: CONSTRAINT; Schema: lcdurante; Owner: datama2mi182
--

ALTER TABLE ONLY lcdurante.salary
    ADD CONSTRAINT salary_pkey PRIMARY KEY (id);


--
-- TOC entry 3965 (class 2606 OID 24556)
-- Name: students_has_fee students_has_fee_pkey; Type: CONSTRAINT; Schema: lcdurante; Owner: datama2mi182
--

ALTER TABLE ONLY lcdurante.students_has_fee
    ADD CONSTRAINT students_has_fee_pkey PRIMARY KEY (id);


--
-- TOC entry 3951 (class 2606 OID 23972)
-- Name: students students_pkey; Type: CONSTRAINT; Schema: lcdurante; Owner: datama2mi182
--

ALTER TABLE ONLY lcdurante.students
    ADD CONSTRAINT students_pkey PRIMARY KEY (id);


--
-- TOC entry 3967 (class 2606 OID 24578)
-- Name: teachers teachers_pkey; Type: CONSTRAINT; Schema: lcdurante; Owner: datama2mi182
--

ALTER TABLE ONLY lcdurante.teachers
    ADD CONSTRAINT teachers_pkey PRIMARY KEY (id);


--
-- TOC entry 3968 (class 2606 OID 23899)
-- Name: cafeteria_has_food cafeteria_has_food_cafeteria_id_fkey; Type: FK CONSTRAINT; Schema: lcdurante; Owner: datama2mi182
--

ALTER TABLE ONLY lcdurante.cafeteria_has_food
    ADD CONSTRAINT cafeteria_has_food_cafeteria_id_fkey FOREIGN KEY (cafeteria_id) REFERENCES lcdurante.cafeteria(id);


--
-- TOC entry 3969 (class 2606 OID 23904)
-- Name: cafeteria_has_food cafeteria_has_food_food_id_fkey; Type: FK CONSTRAINT; Schema: lcdurante; Owner: datama2mi182
--

ALTER TABLE ONLY lcdurante.cafeteria_has_food
    ADD CONSTRAINT cafeteria_has_food_food_id_fkey FOREIGN KEY (food_id) REFERENCES lcdurante.food(id);


--
-- TOC entry 3971 (class 2606 OID 24333)
-- Name: fees fees_office_id_fkey; Type: FK CONSTRAINT; Schema: lcdurante; Owner: datama2mi182
--

ALTER TABLE ONLY lcdurante.fees
    ADD CONSTRAINT fees_office_id_fkey FOREIGN KEY (office_id) REFERENCES lcdurante.office(id);


--
-- TOC entry 3973 (class 2606 OID 24398)
-- Name: food_has_students food_has_students_food_id_fkey; Type: FK CONSTRAINT; Schema: lcdurante; Owner: datama2mi182
--

ALTER TABLE ONLY lcdurante.food_has_students
    ADD CONSTRAINT food_has_students_food_id_fkey FOREIGN KEY (food_id) REFERENCES lcdurante.food(id);


--
-- TOC entry 3972 (class 2606 OID 24403)
-- Name: food_has_students food_has_students_students_id_fkey; Type: FK CONSTRAINT; Schema: lcdurante; Owner: datama2mi182
--

ALTER TABLE ONLY lcdurante.food_has_students
    ADD CONSTRAINT food_has_students_students_id_fkey FOREIGN KEY (students_id) REFERENCES lcdurante.students(id);


--
-- TOC entry 3974 (class 2606 OID 24474)
-- Name: room room_students_id_fkey; Type: FK CONSTRAINT; Schema: lcdurante; Owner: datama2mi182
--

ALTER TABLE ONLY lcdurante.room
    ADD CONSTRAINT room_students_id_fkey FOREIGN KEY (students_id) REFERENCES lcdurante.students(id);


--
-- TOC entry 3975 (class 2606 OID 24526)
-- Name: salary salary_office_id_fkey; Type: FK CONSTRAINT; Schema: lcdurante; Owner: datama2mi182
--

ALTER TABLE ONLY lcdurante.salary
    ADD CONSTRAINT salary_office_id_fkey FOREIGN KEY (office_id) REFERENCES lcdurante.office(id);


--
-- TOC entry 3970 (class 2606 OID 23973)
-- Name: students students_employee_id_fkey; Type: FK CONSTRAINT; Schema: lcdurante; Owner: datama2mi182
--

ALTER TABLE ONLY lcdurante.students
    ADD CONSTRAINT students_employee_id_fkey FOREIGN KEY (employee_id) REFERENCES lcdurante.employees(id);


--
-- TOC entry 3976 (class 2606 OID 24562)
-- Name: students_has_fee students_has_fee_fee_id_fkey; Type: FK CONSTRAINT; Schema: lcdurante; Owner: datama2mi182
--

ALTER TABLE ONLY lcdurante.students_has_fee
    ADD CONSTRAINT students_has_fee_fee_id_fkey FOREIGN KEY (fee_id) REFERENCES lcdurante.fees(id);


--
-- TOC entry 3977 (class 2606 OID 24557)
-- Name: students_has_fee students_has_fee_students_id_fkey; Type: FK CONSTRAINT; Schema: lcdurante; Owner: datama2mi182
--

ALTER TABLE ONLY lcdurante.students_has_fee
    ADD CONSTRAINT students_has_fee_students_id_fkey FOREIGN KEY (students_id) REFERENCES lcdurante.students(id);


-- Completed on 2019-12-02 14:11:16

--
-- PostgreSQL database dump complete
--

